﻿Designator,Quantity,Value,Footprint,Package,MPN,DNP,Mount_Type,Description,Sim.Pins
BAR1,1,HDSP-4830_2,HDSP-4830,,,,tht,"BAR GRAPH 10 segment block, high efficiency red",
"C1, C10, C11, C12, C13, C14, C15, C16, C17, C18, C19, C2, C20, C21, C22, C23, C24, C25, C26, C27, C28, C29, C3, C30, C31, C32, C33, C34, C37, C39, C4, C5, C6, C7, C8, C9",36,0.1uF,C_Disc_D6.0mm_W2.5mm_P5.00mm,,,,tht,"capacitor, small US symbol",
C35,1,10nF,C_Disc_D6.5mm_W2.1mm_P6.50mm,,,,tht,"capacitor, small US symbol",
"C36, C38",2,10 uF,CP_Radial_D5.0mm_P2.50mm,,,,tht,"Polarized capacitor, small symbol",
"D1, D10, D11, D12, D13, D14, D15, D16, D17, D18, D19, D2, D3, D4, D5, D6, D7, D8, D9",19,LED,LED_D5.0mm,,,,tht,Light emitting diode,1=K 2=A
"J1, J2",2,Conn_02x17_Odd_Even,PinHeader_2x17_P2.54mm_Vertical,,,,tht,"Generic connector, double row, 02x17, odd/even pin numbering scheme (row 1 odd numbers, row 2 even numbers), script generated (kicad-library-utils/schlib/autogen/connector/)",
"J10, J11, J8, J9",4,Conn_01x09,PinHeader_1x09_P2.54mm_Vertical,,,,tht,"Generic connector, single row, 01x09, script generated (kicad-library-utils/schlib/autogen/connector/)",
J12,1,Conn_01x06,PinHeader_1x06_P2.54mm_Vertical,,,,tht,"Generic connector, single row, 01x06, script generated (kicad-library-utils/schlib/autogen/connector/)",
J13,1,Conn_01x02,PinHeader_1x02_P2.54mm_Vertical,,,,tht,"Generic connector, single row, 01x02, script generated (kicad-library-utils/schlib/autogen/connector/)",
"J3, J4",2,Conn_01x08,PinHeader_1x08_P2.54mm_Vertical,,,,tht,"Generic connector, single row, 01x08, script generated (kicad-library-utils/schlib/autogen/connector/)",
J5,1,Screw_Terminal_01x02,TerminalBlock_CUI_TB007-508-02_1x02_P5.08mm_Horizontal,,,,tht,"Generic screw terminal, single row, 01x02, script generated (kicad-library-utils/schlib/autogen/connector/)",
J6,1,SMA Connector,GSG-SMA-73251-2120_drill_0.5mm,,,,tht,"coaxial connector (BNC, SMA, SMB, SMC, Cinch/RCA, LEMO, ...)",
J7,1,Conn_02x03_Odd_Even,PinHeader_2x03_P2.54mm_Vertical,,,,tht,"Generic connector, double row, 02x03, odd/even pin numbering scheme (row 1 odd numbers, row 2 even numbers), script generated (kicad-library-utils/schlib/autogen/connector/)",
R1,1,50 Ohms,R_Axial_DIN0207_L6.3mm_D2.5mm_P2.54mm_Vertical,,,,tht,"Resistor, US symbol",
"R10, R11, R12, R13, R14, R15, R16, R17, R18, R29, R38, R39, R4, R5, R6, R7, R8, R9",18,470,R_Axial_DIN0207_L6.3mm_D2.5mm_P2.54mm_Vertical,,,,tht,"Resistor, US symbol",
"R19, R20, R21, R43",4,4.7K,R_Axial_DIN0207_L6.3mm_D2.5mm_P2.54mm_Vertical,,,,tht,"Resistor, US symbol",
"R2, R3",2,4.7k,R_Axial_DIN0207_L6.3mm_D2.5mm_P2.54mm_Vertical,,,,tht,"Resistor, US symbol",
"R22, R23, R24, R25, R26, R27, R28, R45, R46, R47",10,0 Ohms,R_0603_1608Metric_Pad0.98x0.95mm_HandSolder,,,,smt,"Resistor, US symbol",
"R30, R31, R32, R33, R34, R35, R36, R37, R44",9,330,R_Axial_DIN0207_L6.3mm_D2.5mm_P2.54mm_Vertical,,,,tht,"Resistor, US symbol",
R40,1,1M Ohms,R_Axial_DIN0207_L6.3mm_D2.5mm_P2.54mm_Vertical,,,,tht,"Resistor, US symbol",
R41,1,47 kOhms,R_Axial_DIN0207_L6.3mm_D2.5mm_P2.54mm_Vertical,,,,tht,"Resistor, US symbol",
R42,1,1 kOhms,R_Axial_DIN0207_L6.3mm_D2.5mm_P2.54mm_Vertical,,,,tht,"Resistor, US symbol",
SW1,1,SW_Push,SW_PUSH-12mm,,,,tht,"Push button switch, generic, two pins",
"U1, U2",2,IMS1423S35,DIP-20_W7.62mm_Socket_LongPads,,,,tht,,
"U10, U12, U13, U31, U9",5,74LS374,DIP-20_W7.62mm_Socket_LongPads,,,,tht,"8-bit Register, 3-state outputs",
U11,1,74LS245,DIP-20_W7.62mm_Socket_LongPads,,,,tht,"Octal BUS Transceivers, 3-State outputs",
"U14, U15, U16, U17",4,74HCT161N,DIP-16_W7.62mm_Socket_LongPads,,,,tht,Synchronous 4-bit programmable binary Counter,
"U18, U19, U70",3,28C256,DIP-28_W15.24mm_Socket_LongPads,,,,tht,"Paged Parallel EEPROM 256Kb (32K x 8), DIP-28/SOIC-28",
"U20, U21",2,GAL16V8,DIP-20_W7.62mm_Socket_LongPads,,,,tht,"Programmable Logic Array, DIP-20/SOIC-20/PLCC-20",
"U22, U6",2,74LS244,DIP-20_W7.62mm_Socket_LongPads,,,,tht,"Octal Buffer and Line Driver With 3-State Output, active-low enables, non-inverting outputs",
"U23, U26, U28",3,74LS00,DIP-14_W7.62mm_Socket_LongPads,,,,tht,quad 2-input NAND gate,
U24,1,74LS32,DIP-14_W7.62mm_Socket_LongPads,,,,tht,Quad 2-input OR,
U25,1,74LS86,DIP-14_W7.62mm_Socket_LongPads,,,,tht,Quad 2-input XOR,
U27,1,74LS08,DIP-14_W7.62mm_Socket_LongPads,,,,tht,Quad And2,
"U29, U30",2,GAL22V10,DIP-24_W7.62mm_Socket_LongPads,,,,tht,"Not in Production, CMOS Programmable Electrically Erasable Logic Device, DIP-24",
U3,1,74LS151,DIP-16_W7.62mm_Socket_LongPads,,,,tht,Multiplexer 8 to 1,
U32,1,NE555P,DIP-8_W7.62mm_Socket_LongPads,,,,tht,"Precision Timers, 555 compatible,  PDIP-8",
U33,1,74LS04,DIP-14_W7.62mm_Socket_LongPads,,,,tht,Hex Inverter,
U4,1,74LS74,DIP-14_W7.62mm_Socket_LongPads,,,,tht,"Dual D Flip-flop, Set & Reset",
U5,1,74LS259,DIP-16_W7.62mm_Socket_LongPads,,,,tht,8-bit addressable latch,
"U7, U8",2,74LS153,DIP-16_W7.62mm_Socket_LongPads,,,,tht,Dual Multiplexer 4 to 1,
U71,1,HM62256BLP,DIP-28_W15.24mm_Socket_LongPads,,,,tht,"32,768-word × 8-bit High Speed CMOS Static RAM, 70ns, DIP-28",
Y1,1,EC1125HSTS 26.8 MHz,Oscillator_DIP-8,,,,tht,"Crystal Clock Oscillator, DIP8-style metal package",
