﻿pos_x,pos_y,rotation,side,designator,mpn,pack,footprint,value,mount_type
260.02,-133.55,-90.0,top,BAR1,,,HDSP-4830,HDSP-4830_2,tht
181.525,-208.2,-90.0,top,C1,,,C_Disc_D6.0mm_W2.5mm_P5.00mm,0.1uF,tht
260.1,-184.33,180.0,top,C10,,,C_Disc_D6.0mm_W2.5mm_P5.00mm,0.1uF,tht
314.12,-184.34,180.0,top,C11,,,C_Disc_D6.0mm_W2.5mm_P5.00mm,0.1uF,tht
247.57,-197.62,-90.0,top,C12,,,C_Disc_D6.0mm_W2.5mm_P5.00mm,0.1uF,tht
275.6,-197.66,-90.0,top,C13,,,C_Disc_D6.0mm_W2.5mm_P5.00mm,0.1uF,tht
303.66,-197.62,-90.0,top,C14,,,C_Disc_D6.0mm_W2.5mm_P5.00mm,0.1uF,tht
330.7,-197.6,-90.0,top,C15,,,C_Disc_D6.0mm_W2.5mm_P5.00mm,0.1uF,tht
253.54,-234.89,-90.0,top,C16,,,C_Disc_D6.0mm_W2.5mm_P5.00mm,0.1uF,tht
311.44,-234.88,-90.0,top,C17,,,C_Disc_D6.0mm_W2.5mm_P5.00mm,0.1uF,tht
291.46,-264.34,180.0,top,C18,,,C_Disc_D6.0mm_W2.5mm_P5.00mm,0.1uF,tht
306.36,-264.29,180.0,top,C19,,,C_Disc_D6.0mm_W2.5mm_P5.00mm,0.1uF,tht
181.475,-189.325,-90.0,top,C2,,,C_Disc_D6.0mm_W2.5mm_P5.00mm,0.1uF,tht
357.31,-260.68,-90.0,top,C20,,,C_Disc_D6.0mm_W2.5mm_P5.00mm,0.1uF,tht
255.33,-281.16,-90.0,top,C21,,,C_Disc_D6.0mm_W2.5mm_P5.00mm,0.1uF,tht
255.3,-265.96,-90.0,top,C22,,,C_Disc_D6.0mm_W2.5mm_P5.00mm,0.1uF,tht
313.72,-264.88,0.0,top,C23,,,C_Disc_D6.0mm_W2.5mm_P5.00mm,0.1uF,tht
215.275,-163.475,-90.0,top,C24,,,C_Disc_D6.0mm_W2.5mm_P5.00mm,0.1uF,tht
182.575,-163.5,-90.0,top,C25,,,C_Disc_D6.0mm_W2.5mm_P5.00mm,0.1uF,tht
185.58,-139.57,0.0,top,C26,,,C_Disc_D6.0mm_W2.5mm_P5.00mm,0.1uF,tht
226.16,-121.32,180.0,top,C27,,,C_Disc_D6.0mm_W2.5mm_P5.00mm,0.1uF,tht
249.15,-163.4,-90.0,top,C28,,,C_Disc_D6.0mm_W2.5mm_P5.00mm,0.1uF,tht
281.175,-163.375,-90.0,top,C29,,,C_Disc_D6.0mm_W2.5mm_P5.00mm,0.1uF,tht
181.5,-226.35,-90.0,top,C3,,,C_Disc_D6.0mm_W2.5mm_P5.00mm,0.1uF,tht
313.18,-163.45,-90.0,top,C30,,,C_Disc_D6.0mm_W2.5mm_P5.00mm,0.1uF,tht
227.19,-112.64,180.0,top,C31,,,C_Disc_D6.0mm_W2.5mm_P5.00mm,0.1uF,tht
232.82,-146.23,-90.0,top,C32,,,C_Disc_D6.0mm_W2.5mm_P5.00mm,0.1uF,tht
194.46,-126.59,-90.0,top,C33,,,C_Disc_D6.0mm_W2.5mm_P5.00mm,0.1uF,tht
200.99,-288.08,-90.0,top,C34,,,C_Disc_D6.0mm_W2.5mm_P5.00mm,0.1uF,tht
222.66,-280.68,-90.0,top,C35,,,C_Disc_D6.5mm_W2.1mm_P6.50mm,10nF,tht
188.98,-127.924888,-90.0,top,C36,,,CP_Radial_D5.0mm_P2.50mm,10 uF,tht
320.32,-117.84,90.0,top,C37,,,C_Disc_D6.0mm_W2.5mm_P5.00mm,0.1uF,tht
206.01,-288.724888,-90.0,top,C38,,,CP_Radial_D5.0mm_P2.50mm,10 uF,tht
286.06,-113.65,180.0,top,C39,,,C_Disc_D6.0mm_W2.5mm_P5.00mm,0.1uF,tht
181.55,-245.075,-90.0,top,C4,,,C_Disc_D6.0mm_W2.5mm_P5.00mm,0.1uF,tht
181.325,-263.75,-90.0,top,C5,,,C_Disc_D6.0mm_W2.5mm_P5.00mm,0.1uF,tht
209.65,-226.325,-90.0,top,C6,,,C_Disc_D6.0mm_W2.5mm_P5.00mm,0.1uF,tht
209.99,-206.69,-90.0,top,C7,,,C_Disc_D6.0mm_W2.5mm_P5.00mm,0.1uF,tht
210.65,-189.45,-90.0,top,C8,,,C_Disc_D6.0mm_W2.5mm_P5.00mm,0.1uF,tht
209.625,-245.125,-90.0,top,C9,,,C_Disc_D6.0mm_W2.5mm_P5.00mm,0.1uF,tht
351.515,-215.59,0.0,top,D1,,,LED_D5.0mm,LED,tht
285.015,-215.65,0.0,top,D10,,,LED_D5.0mm,LED,tht
278.585,-215.65,0.0,top,D11,,,LED_D5.0mm,LED,tht
269.955,-215.61,0.0,top,D12,,,LED_D5.0mm,LED,tht
263.515,-215.6,0.0,top,D13,,,LED_D5.0mm,LED,tht
257.065,-215.6,0.0,top,D14,,,LED_D5.0mm,LED,tht
250.585,-215.6,0.0,top,D15,,,LED_D5.0mm,LED,tht
216.13,-263.095,0.0,top,D16,,,LED_D5.0mm,LED,tht
216.125,-271.985,0.0,top,D17,,,LED_D5.0mm,LED,tht
232.645,-267.54,180.0,top,D18,,,LED_D5.0mm,LED,tht
180.51,-124.285,-90.0,top,D19,,,LED_D5.0mm,LED,tht
345.065,-215.59,0.0,top,D2,,,LED_D5.0mm,LED,tht
338.615,-215.6,0.0,top,D3,,,LED_D5.0mm,LED,tht
332.175,-215.6,0.0,top,D4,,,LED_D5.0mm,LED,tht
323.575,-215.62,0.0,top,D5,,,LED_D5.0mm,LED,tht
317.135,-215.62,0.0,top,D6,,,LED_D5.0mm,LED,tht
310.67,-215.62,0.0,top,D7,,,LED_D5.0mm,LED,tht
297.885,-215.64,0.0,top,D8,,,LED_D5.0mm,LED,tht
291.445,-215.64,0.0,top,D9,,,LED_D5.0mm,LED,tht
332.79,-110.25,0.0,top,J1,,,PinHeader_2x17_P2.54mm_Vertical,Conn_02x17_Odd_Even,tht
301.27,-258.82,-90.0,top,J10,,,PinHeader_1x09_P2.54mm_Vertical,Conn_01x09,tht
336.83,-268.67,0.0,top,J11,,,PinHeader_1x09_P2.54mm_Vertical,Conn_01x09,tht
249.51,-266.45,0.0,top,J12,,,PinHeader_1x06_P2.54mm_Vertical,Conn_01x06,tht
208.885,-120.66,-90.0,top,J13,,,PinHeader_1x02_P2.54mm_Vertical,Conn_01x02,tht
353.05,-110.23,0.0,top,J2,,,PinHeader_2x17_P2.54mm_Vertical,Conn_02x17_Odd_Even,tht
282.255,-222.36,-90.0,top,J3,,,PinHeader_1x08_P2.54mm_Vertical,Conn_01x08,tht
328.435,-222.42,-90.0,top,J4,,,PinHeader_1x08_P2.54mm_Vertical,Conn_01x08,tht
187.53,-117.5125,0.0,top,J5,,,TerminalBlock_CUI_TB007-508-02_1x02_P5.08mm_Horizontal,Screw_Terminal_01x02,tht
208.89,-111.295,90.0,top,J6,,,GSG-SMA-73251-2120_drill_0.5mm,SMA Connector,tht
204.24,-152.05,90.0,top,J7,,,PinHeader_2x03_P2.54mm_Vertical,Conn_02x03_Odd_Even,tht
365.4,-166.13,0.0,top,J8,,,PinHeader_1x09_P2.54mm_Vertical,Conn_01x09,tht
338.7,-258.81,-90.0,top,J9,,,PinHeader_1x09_P2.54mm_Vertical,Conn_01x09,tht
202.285,-131.14,90.0,top,JP1,,,PinHeader_1x03_P2.54mm_Vertical,Jumper_3_Bridged12,tht
201.79,-120.665,-90.0,top,R1,,,R_Axial_DIN0207_L6.3mm_D2.5mm_P2.54mm_Vertical,50 Ohms,tht
310.705,-210.91,0.0,top,R10,,,R_Axial_DIN0207_L6.3mm_D2.5mm_P2.54mm_Vertical,470,tht
297.92,-210.93,0.0,top,R11,,,R_Axial_DIN0207_L6.3mm_D2.5mm_P2.54mm_Vertical,470,tht
291.445,-210.92,0.0,top,R12,,,R_Axial_DIN0207_L6.3mm_D2.5mm_P2.54mm_Vertical,470,tht
285.04,-210.94,0.0,top,R13,,,R_Axial_DIN0207_L6.3mm_D2.5mm_P2.54mm_Vertical,470,tht
278.59,-210.94,0.0,top,R14,,,R_Axial_DIN0207_L6.3mm_D2.5mm_P2.54mm_Vertical,470,tht
270.01,-210.89,0.0,top,R15,,,R_Axial_DIN0207_L6.3mm_D2.5mm_P2.54mm_Vertical,470,tht
263.54,-210.89,0.0,top,R16,,,R_Axial_DIN0207_L6.3mm_D2.5mm_P2.54mm_Vertical,470,tht
257.09,-210.89,0.0,top,R17,,,R_Axial_DIN0207_L6.3mm_D2.5mm_P2.54mm_Vertical,470,tht
250.595,-210.88,0.0,top,R18,,,R_Axial_DIN0207_L6.3mm_D2.5mm_P2.54mm_Vertical,470,tht
203.67,-142.965,-90.0,top,R19,,,R_Axial_DIN0207_L6.3mm_D2.5mm_P2.54mm_Vertical,4.7K,tht
228.385,-254.84,180.0,top,R2,,,R_Axial_DIN0207_L6.3mm_D2.5mm_P2.54mm_Vertical,4.7k,tht
206.795,-142.965,-90.0,top,R20,,,R_Axial_DIN0207_L6.3mm_D2.5mm_P2.54mm_Vertical,4.7K,tht
209.92,-142.965,-90.0,top,R21,,,R_Axial_DIN0207_L6.3mm_D2.5mm_P2.54mm_Vertical,4.7K,tht
256.2,-249.24,-90.0,top,R22,,,R_0603_1608Metric_Pad0.98x0.95mm_HandSolder,0 Ohms,smt
264.67,-230.92,-90.0,top,R23,,,R_0603_1608Metric_Pad0.98x0.95mm_HandSolder,0 Ohms,smt
313.62,-250.16,0.0,top,R24,,,R_0603_1608Metric_Pad0.98x0.95mm_HandSolder,0 Ohms,smt
321.71,-232.13,0.0,top,R25,,,R_0603_1608Metric_Pad0.98x0.95mm_HandSolder,0 Ohms,smt
294.71,-117.85,0.0,top,R26,,,R_0603_1608Metric_Pad0.98x0.95mm_HandSolder,0 Ohms,smt
310.08,-113.21,0.0,top,R27,,,R_0603_1608Metric_Pad0.98x0.95mm_HandSolder,0 Ohms,smt
315.02,-113.23,180.0,top,R28,,,R_0603_1608Metric_Pad0.98x0.95mm_HandSolder,0 Ohms,smt
222.48,-262.05,-90.0,top,R29,,,R_Axial_DIN0207_L6.3mm_D2.5mm_P2.54mm_Vertical,470,tht
220.765,-254.85,0.0,top,R3,,,R_Axial_DIN0207_L6.3mm_D2.5mm_P2.54mm_Vertical,4.7k,tht
260.7,-125.995,-90.0,top,R30,,,R_Axial_DIN0207_L6.3mm_D2.5mm_P2.54mm_Vertical,330,tht
257.66,-127.83,-90.0,top,R31,,,R_Axial_DIN0207_L6.3mm_D2.5mm_P2.54mm_Vertical,330,tht
254.64,-125.98,-90.0,top,R32,,,R_Axial_DIN0207_L6.3mm_D2.5mm_P2.54mm_Vertical,330,tht
251.63,-127.82,-90.0,top,R33,,,R_Axial_DIN0207_L6.3mm_D2.5mm_P2.54mm_Vertical,330,tht
245.53,-125.98,-90.0,top,R34,,,R_Axial_DIN0207_L6.3mm_D2.5mm_P2.54mm_Vertical,330,tht
242.5,-127.745,-90.0,top,R35,,,R_Axial_DIN0207_L6.3mm_D2.5mm_P2.54mm_Vertical,330,tht
239.48,-126.005,-90.0,top,R36,,,R_Axial_DIN0207_L6.3mm_D2.5mm_P2.54mm_Vertical,330,tht
236.47,-127.845,-90.0,top,R37,,,R_Axial_DIN0207_L6.3mm_D2.5mm_P2.54mm_Vertical,330,tht
222.48,-270.94,-90.0,top,R38,,,R_Axial_DIN0207_L6.3mm_D2.5mm_P2.54mm_Vertical,470,tht
226.29,-266.495,-90.0,top,R39,,,R_Axial_DIN0207_L6.3mm_D2.5mm_P2.54mm_Vertical,470,tht
351.705,-210.85,0.0,top,R4,,,R_Axial_DIN0207_L6.3mm_D2.5mm_P2.54mm_Vertical,470,tht
200.99,-281.415,-90.0,top,R40,,,R_Axial_DIN0207_L6.3mm_D2.5mm_P2.54mm_Vertical,1M Ohms,tht
205.99,-282.445,-90.0,top,R41,,,R_Axial_DIN0207_L6.3mm_D2.5mm_P2.54mm_Vertical,47 kOhms,tht
222.64,-292.85,90.0,top,R42,,,R_Axial_DIN0207_L6.3mm_D2.5mm_P2.54mm_Vertical,1 kOhms,tht
179.83,-149.895,-90.0,top,R43,,,R_Axial_DIN0207_L6.3mm_D2.5mm_P2.54mm_Vertical,4.7K,tht
180.51,-133.855,90.0,top,R44,,,R_Axial_DIN0207_L6.3mm_D2.5mm_P2.54mm_Vertical,330,tht
225.37,-117.14,0.0,top,R45,,,R_0603_1608Metric_Pad0.98x0.95mm_HandSolder,0 Ohms,smt
265.66,-113.36,180.0,top,R46,,,R_0603_1608Metric_Pad0.98x0.95mm_HandSolder,0 Ohms,smt
265.68,-110.93,180.0,top,R47,,,R_0603_1608Metric_Pad0.98x0.95mm_HandSolder,0 Ohms,smt
345.145,-210.85,0.0,top,R5,,,R_Axial_DIN0207_L6.3mm_D2.5mm_P2.54mm_Vertical,470,tht
338.635,-210.85,0.0,top,R6,,,R_Axial_DIN0207_L6.3mm_D2.5mm_P2.54mm_Vertical,470,tht
332.23,-210.87,0.0,top,R7,,,R_Axial_DIN0207_L6.3mm_D2.5mm_P2.54mm_Vertical,470,tht
323.625,-210.88,0.0,top,R8,,,R_Axial_DIN0207_L6.3mm_D2.5mm_P2.54mm_Vertical,470,tht
317.2,-210.89,0.0,top,R9,,,R_Axial_DIN0207_L6.3mm_D2.5mm_P2.54mm_Vertical,470,tht
193.84,-280.54,-90.0,top,SW1,,,SW_PUSH-12mm,SW_Push,tht
187.485,-171.125,90.0,top,U1,,,DIP-20_W7.62mm_Socket_LongPads,IMS1423S35,tht
285.685,-171.005,90.0,top,U10,,,DIP-20_W7.62mm_Socket_LongPads,74LS374,tht
317.73,-171.03,90.0,top,U11,,,DIP-20_W7.62mm_Socket_LongPads,74LS245,tht
264.29,-191.955,90.0,top,U12,,,DIP-20_W7.62mm_Socket_LongPads,74LS374,tht
318.355,-191.945,90.0,top,U13,,,DIP-20_W7.62mm_Socket_LongPads,74LS374,tht
252.905,-205.85,90.0,top,U14,,,DIP-16_W7.62mm_Socket_LongPads,74HCT161N,tht
280.685,-205.84,90.0,top,U15,,,DIP-16_W7.62mm_Socket_LongPads,74HCT161N,tht
308.865,-205.85,90.0,top,U16,,,DIP-16_W7.62mm_Socket_LongPads,74HCT161N,tht
334.745,-205.81,90.0,top,U17,,,DIP-16_W7.62mm_Socket_LongPads,74HCT161N,tht
259.59,-250.15,90.0,top,U18,,,DIP-28_W15.24mm_Socket_LongPads,28C256,tht
317.545,-250.14,90.0,top,U19,,,DIP-28_W15.24mm_Socket_LongPads,28C256,tht
220.065,-171.095,90.0,top,U2,,,DIP-20_W7.62mm_Socket_LongPads,IMS1423S35,tht
283.82,-268.47,0.0,top,U20,,,DIP-20_W7.62mm_Socket_LongPads,GAL16V8,tht
298.72,-268.47,0.0,top,U21,,,DIP-20_W7.62mm_Socket_LongPads,GAL16V8,tht
345.18,-259.32,0.0,top,U22,,,DIP-20_W7.62mm_Socket_LongPads,74LS244,tht
187.565,-232.67,90.0,top,U23,,,DIP-14_W7.62mm_Socket_LongPads,74LS00,tht
187.515,-251.405,90.0,top,U24,,,DIP-14_W7.62mm_Socket_LongPads,74LS32,tht
187.44,-270.02,90.0,top,U25,,,DIP-14_W7.62mm_Socket_LongPads,74LS86,tht
261.19,-288.68,90.0,top,U26,,,DIP-14_W7.62mm_Socket_LongPads,74LS00,tht
313.56,-277.14,90.0,top,U27,,,DIP-14_W7.62mm_Socket_LongPads,74LS08,tht
261.195,-273.6,90.0,top,U28,,,DIP-14_W7.62mm_Socket_LongPads,74LS00,tht
218.54,-126.05,0.0,top,U29,,,DIP-24_W7.62mm_Socket_LongPads,GAL22V10,tht
187.565,-195.765,90.0,top,U3,,,DIP-16_W7.62mm_Socket_LongPads,74LS151,tht
232.07,-120.255,90.0,top,U30,,,DIP-24_W7.62mm_Socket_LongPads,GAL22V10,tht
237.06,-153.84,90.0,top,U31,,,DIP-20_W7.62mm_Socket_LongPads,74LS374,tht
211.04,-290.445,90.0,top,U32,,,DIP-8_W7.62mm_Socket_LongPads,NE555P,tht
226.655,-290.81,90.0,top,U33,,,DIP-14_W7.62mm_Socket_LongPads,74LS04,tht
187.565,-214.38,90.0,top,U4,,,DIP-14_W7.62mm_Socket_LongPads,74LS74,tht
215.66,-214.3,90.0,top,U5,,,DIP-16_W7.62mm_Socket_LongPads,74LS259,tht
215.62,-195.76,90.0,top,U6,,,DIP-20_W7.62mm_Socket_LongPads,74LS244,tht
215.535,-232.55,90.0,top,U7,,,DIP-16_W7.62mm_Socket_LongPads,74LS153,tht
270.785,-117.85,0.0,top,U70,,,DIP-28_W15.24mm_Socket_LongPads,28C256,tht
300.16,-117.855,0.0,top,U71,,,DIP-28_W15.24mm_Socket_LongPads,HM62256BLP,tht
215.72,-251.335,90.0,top,U8,,,DIP-16_W7.62mm_Socket_LongPads,74LS153,tht
253.645,-171.005,90.0,top,U9,,,DIP-20_W7.62mm_Socket_LongPads,74LS374,tht
185.57,-152.43,0.0,top,Y1,,,Oscillator_DIP-8,EC1125HSTS 26.8 MHz,tht
